6,pct_basic,1580222158,1580203257
7,pct_5w,1580222158,1580208738
8,pct_5wlj,1580222158,1580203257
9,pct_5wzp,1580222158,1580203257
10,pct_5wljzp,1580222158,1580205451
16,s_basic_string_expansion,1580285069,1580283857
17,s_only_string_expansion,1580285069,1580283857
18,s_two_string_expansions,1580285069,1580283857
19,s_two_string_expansions2,1580285069,1580283857
20,s_empty_string_expansion,1580285069,0
21,s_full_then_empty_string,1580285069,1580283857
22,s_empty_then_full_string,1580285069,1580283857
23,s_three_strings,1580285069,1580283857
24,s_space_padded_field_width,1580285069,1580283857
25,s_space_padded_field_width2,1580285069,1580283857
26,s_space_padded_over_field_width,1580285069,1580283857
27,s_space_padded_field_width_lj,1580285069,1580283857
28,s_space_padded_field_width2_lj,1580285069,1580283857
29,s_space_padded_over_field_width_lj,1580285069,1580283857
30,s_string_prec_notrunc,1580285069,1580283857
31,s_string_prec_trunc,1580285069,1580283857
32,s_string_prec_default,1580285069,1580283896
33,s_string_prec_zero,1580285069,1580283896
34,s_two_strings_prec_2trunc,1580285069,1580283857
35,s_two_strings_prec_1trunc_a,1580285069,1580283857
36,s_two_strings_prec_1trunc_b,1580285069,1580283857
37,s_two_strings_prec_0trunc,1580285069,1580283857
38,s_string_prec_width_notrunc,1580285069,1580284510
39,s_string_prec_width_trunc,1580285069,1580284510
40,s_string_prec_width_notrunc_lj,1580285069,1580284510
41,s_string_prec_width_trunc_lj,1580285069,1580284510
42,s_two_s_prec_width_2fit_0trunc,1580285069,1580284510
43,s_two_s_prec_width_1fit_a_0trunc,1580285069,1580284510
44,s_two_s_prec_width_1fit_b_0trunc,1580285069,1580284510
45,s_two_s_prec_width_0fit_0trunc,1580285069,1580283857
46,s_two_s_prec_width_2fit_1trunc_a,1580285069,1580284510
47,s_two_s_prec_width_1fit_a_1trunc_a,1580285069,1580284510
48,s_two_s_prec_width_1fit_b_1trunc_a,1580285069,1580284510
49,s_two_s_prec_width_0fit_1trunc_a,1580285069,1580284510
50,s_two_s_prec_width_2fit_1trunc_b,1580285069,1580284510
51,s_two_s_prec_width_1fit_a_1trunc_b,1580285069,1580284510
52,s_two_s_prec_width_1fit_b_1trunc_b,1580285069,1580284510
53,s_two_s_prec_width_0fit_1trunc_b,1580285069,1580284510
54,s_two_s_prec_width_2fit_2trunc,1580285069,1580284510
55,s_two_s_prec_width_1fit_a_2trunc,1580285069,1580284510
56,s_two_s_prec_width_1fit_b_2trunc,1580285069,1580284510
57,s_two_s_prec_width_0fit_2trunc,1580285069,1580284510
58,s_two_s_prec_width_2trunc,1580285069,1580283857
59,s_two_strings_lj_and_rj,1580285069,1580283857
60,s_two_strings_rj_and_lj,1580285069,1580283857
61,s_null_basic_string_expansion,1580285069,1580284843
62,s_null_only_string_expansion,1580285069,1580284843
63,s_null_space_padded_field_width,1580285069,1580284843
64,s_null_space_padded_over_field_width,1580285069,1580284843
65,s_null_space_padded_field_width_lj,1580285069,1580284843
66,s_null_space_padded_field_width2_lj,1580285069,1580284843
67,s_null_space_padded_over_field_width_lj,1580285069,1580284843
68,s_null_string_prec_notrunc,1580285069,1580283857
69,s_null_string_prec_trunc,1580285069,1580283857
70,s_null_string_prec_default,1580285069,1580283896
71,s_null_string_prec_zero,1580285069,1580283896
72,s_basic_s_hidden,1580285069,1580283857
73,s_width_3_s_hidden,1580285069,1580283857
74,s_width_9_s_hidden,1580285069,1580283857
75,s_prec_no_width_s_hidden,1580285069,1580283896
76,s_prec_9_no_width_s_hidden,1580285069,1580283857
77,s_prec_03_no_width_s_hidden,1580285069,1580283857
78,s_prec_09_no_width_s_hidden,1580285069,1580283857
79,s_prec_03_no_width_s_null,1580285069,1580284843
80,s_prec_09_no_width_s_null,1580285069,1580284843
81,s_prec_00_no_width_s_nullchar,1580285069,0
82,s_prec_01_no_width_s_nullchar,1580285069,1580283306
83,s_prec_03_no_width_s_nullchar,1580285069,1580283306
84,s_prec_09_no_width_s_nullchar,1580285069,1580283306
85,s_prec_0_width_3_s_hidden,1580285069,1580283896
86,s_prec_0_width_10_s_hidden,1580285069,1580283896
87,s_prec_0_width_3_s_null,1580285069,1580284843
88,s_prec_0_width_10_s_null,1580285069,1580284843
89,s_prec_0_width_1_s_nullchar,1580285069,1580283857
90,s_prec_0_width_2_s_nullchar,1580285069,1580283857
91,s_prec_0_width_9_s_nullchar,1580285069,1580283857
92,s_prec_0_lj_width_3_s_hidden,1580285069,1580283896
93,s_prec_0_lj_width_8_s_hidden,1580285069,1580283896
94,s_prec_0_lj_width_3_s_null,1580285069,1580284843
95,s_prec_0_lj_width_8_s_null,1580285069,1580284843
96,s_prec_0_lj_width_1_s_nullchar,1580285069,1580283046
97,s_prec_0_lj_width_2_s_nullchar,1580285069,1580283046
98,s_prec_0_lj_width_6_s_nullchar,1580285069,1580283046
99,s_prec_1_width_3_s_hidden,1580285069,1580283857
100,s_prec_1_width_10_s_hidden,1580285069,1580283857
101,s_prec_1_width_3_s_null,1580285069,1580284843
102,s_prec_1_width_9_s_null,1580285069,1580284843
103,s_prec_1_lj_width_3_s_hidden,1580285069,1580283857
104,s_prec_1_lj_width_10_s_hidden,1580285069,1580283857
105,s_prec_1_lj_width_3_s_null,1580285069,1580284843
106,s_prec_1_lj_width_9_s_null,1580285069,1580284843
107,s_prec_1_lj_width_3_s_nullchar,1580285069,1580283306
108,s_prec_1_lj_width_6_s_nullchar,1580285069,1580283306
109,s_prec_perfect_width_3_s_hidden,1580285069,1580283857
110,s_prec_perfect_width_20_s_hidden,1580285069,1580284510
111,s_prec_perfect_width_3_s_null,1580285069,1580284843
112,s_prec_perfect_width_20_s_null,1580285069,1580284843
113,s_prec_perfect_width_3_s_nullchar,0,1580285069
114,s_prec_perfect_width_6_s_nullchar,1580285069,1580284510
115,s_prec_perfect_lj_width_3_s_hidden,1580285069,1580283857
116,s_prec_perfect_lj_width_20_s_hidden,1580285069,1580284510
117,s_prec_8_lj_width_3_s_hidden,1580285069,1580283857
118,s_prec_8_lj_width_10_s_hidden,1580285069,1580284510
119,s_prec_8_lj_width_3_s_null,1580285069,1580284843
120,s_prec_8_lj_width_10_s_null,1580285069,1580284843
121,s_prec_00_lj_s_hidden_trunc,1580285069,1580283896
122,s_prec_09_lj_s_hidden_notrunc,1580285069,1580283857
167,d_basic_pos,1580317717,1580289565
168,d_basic_neg,1580317717,1580300635
169,d_basic_zero,1580317717,1580289565
492,d_basic_i_pos,1580317717,1580289565
493,d_basic_i_neg,1580317717,1580300635
494,d_basic_i_zero,1580317717,1580289565
495,d_basic_i_onlypos,1580317717,1580289565
496,d_basic_i_onlyneg,1580317717,1580300635
497,d_basic_i_onlyzero,1580317717,1580289565
498,d_intmax,1580317717,1580289565
499,d_intmin,1580317717,1580289565
500,d_as_pos,1580317717,1580293302
501,d_as_neg,1580317717,1580300635
502,d_intmax_as,1580317717,1580293302
503,d_width_pos_fits,1580317717,1580302212
504,d_width_neg_fits,1580317717,1580316584
505,d_width_zero_fits,1580317717,1580302212
506,d_width_pos_exactfit,1580317717,1580289565
507,d_width_neg_exactfit,1580317717,1580316584
508,d_width_pos_nofit,1580317717,1580289565
509,d_width_neg_nofit,1580317717,1580300635
510,d_width_pos_fits_lj,1580317717,1580289605
511,d_width_neg_fits_lj,1580317717,1580300635
512,d_width_zero_fits_lj,1580317717,1580289605
513,d_width_pos_exactfit_lj,1580317717,1580289565
514,d_width_neg_exactfit_lj,1580317717,1580300635
515,d_width_pos_nofit_lj,1580317717,1580289565
516,d_width_neg_nofit_lj,1580317717,1580300635
517,d_width_as_pos,1580317717,1580316584
518,d_width_as_zero,1580317717,1580316584
519,d_width_intmax_as,1580317717,1580316584
520,d_prec_fits_pos,1580317717,1580317627
521,d_prec_fits_neg,1580317717,1580317627
522,d_prec_fits_zero,1580317717,1580317627
523,d_prec_exactfit_pos,1580317717,1580289565
524,d_prec_exactfit_neg,1580317717,1580317627
525,d_prec_nofit_pos,1580317717,1580289565
526,d_prec_nofit_neg,1580317717,1580300635
527,d_prec_as_pos,1580317717,1580317627
528,d_prec_as_neg,1580317717,1580317627
529,d_prec_as_pos_nofit,1580317717,1580293302
530,d_zp_pos_fits,1580317717,1580302212
531,d_zp_neg_fits,0,1580317717
532,d_zp_zero_fits,1580317717,1580302212
533,d_zp_pos_exactfit,1580317717,1580289565
534,d_zp_neg_exactfit,1580305438,1580317717
535,d_zp_neg_minus1fit,1580317717,1580300635
536,d_zp_as_fits,0,1580317717
537,d_zp_as_zero,0,1580317717
538,d_prec_width_fit_fit_pos,0,1580317717
539,d_prec_width_fit_fit_neg,0,1580317717
540,d_prec_width_fit_fit_zero,0,1580317717
541,d_prec_width_nofit_fit_pos,1580317717,1580302212
542,d_prec_width_nofit_fit_neg,1580317717,1580316584
543,d_prec_width_fit_nofit_pos,1580317717,1580317627
544,d_prec_width_fit_nofit_neg,1580317717,1580317627
545,d_prec_width_nofit_nofit_pos,1580317717,1580289565
546,d_prec_width_nofit_nofit_neg,1580317717,1580300635
547,d_prec_width_fit_fit_pos_lj,1580317717,1580317627
548,d_prec_width_fit_fit_neg_lj,1580317717,1580317627
549,d_prec_width_fit_fit_zero_lj,1580317717,1580317627
550,d_prec_width_nofit_fit_pos_lj,1580317717,1580289605
551,d_prec_width_nofit_fit_neg_lj,1580317717,1580300635
552,d_prec_width_fit_nofit_pos_lj,1580317717,1580317627
553,d_prec_width_fit_nofit_neg_lj,1580317717,1580317627
554,d_prec_width_nofit_nofit_pos_lj,1580317717,1580289565
555,d_prec_width_nofit_nofit_neg_lj,1580317717,1580300635
556,d_prec_width_fit_fit_pos_as,0,1580317717
557,d_prec_width_fit_fit_neg_as,0,1580317717
558,d_prec_width_fit_fit_zero_as,0,1580317717
559,d_prec_width_nofit_fit_pos_as,1580317717,1580316584
560,d_prec_width_nofit_fit_neg_as,1580317717,1580316584
561,d_prec_width_fit_nofit_pos_as,1580317717,1580317627
562,d_prec_width_fit_nofit_neg_as,1580317717,1580317627
563,d_prec_width_nofit_nofit_pos_as,1580317717,1580293302
564,d_prec_width_nofit_nofit_neg_as,1580317717,1580300635
565,d_prec_width_fit_fit_pos_ljas,1580317717,1580317627
566,d_prec_width_fit_fit_neg_ljas,1580317717,1580317627
567,d_prec_width_fit_fit_zero_ljas,1580317717,1580317627
568,d_prec_width_nofit_fit_pos_ljas,1580317717,1580293302
569,d_prec_width_nofit_fit_neg_ljas,1580317717,1580300635
570,d_prec_width_fit_nofit_pos_ljas,1580317717,1580317627
571,d_prec_width_fit_nofit_neg_ljas,1580317717,1580317627
572,d_prec_width_nofit_nofit_pos_ljas,1580317717,1580293302
573,d_prec_width_nofit_nofit_neg_ljas,1580317717,1580300635
574,d_prec_width_ff_pos_zp,0,1580317717
575,d_prec_width_ff_neg_zp,0,1580317717
576,d_prec_width_ff_zero_zp,0,1580317717
577,d_prec_width_nf_pos_zp,0,1580317717
578,d_prec_width_nf_neg_zp,0,1580317717
579,d_prec_width_fn_pos_zp,1580317662,1580317717
580,d_prec_width_fn_neg_zp,1580317662,1580317717
581,d_prec_width_nn_pos_zp,1580317717,1580289565
582,d_prec_width_nn_neg_zp,1580317717,1580300635
583,d_prec_width_ff_pos_lj_zp_ignoreflag,1580305346,1580317717
584,d_prec_width_ff_neg_ljzp_ignoreflag,1580305346,1580317717
585,d_prec_width_ff_zero_ljzp_ignoreflag,1580305346,1580317717
586,d_prec_width_nf_pos_ljzp_ignoreflag,1580305346,1580317717
587,d_prec_width_nf_neg_ljzp_ignoreflag,1580305346,1580317717
588,d_prec_width_fn_pos_ljzp_ignoreflag,1580317662,1580317717
589,d_prec_width_fn_neg_ljzp_ignoreflag,1580317662,1580317717
590,d_prec_width_nn_pos_ljzp_ignoreflag,1580317717,1580289565
591,d_prec_width_nn_neg_ljzp_ignoreflag,1580317717,1580300635
592,d_prec_width_ff_pos_aszp,0,1580317717
593,d_prec_width_ff_neg_aszp,0,1580317717
594,d_prec_width_ff_zero_aszp,0,1580317717
595,d_prec_width_nf_pos_aszp,0,1580317717
596,d_prec_width_nf_neg_aszp,0,1580317717
597,d_prec_width_fn_pos_aszp,1580317662,1580317717
598,d_prec_width_fn_neg_aszp,1580317662,1580317717
599,d_prec_width_nn_pos_aszp,1580317717,1580293302
600,d_prec_width_nn_neg_aszp,1580317717,1580300635
601,d_prec_width_ff_pos_ljaszp_ignoreflag,1580305346,1580317717
602,d_prec_width_ff_neg_ljaszp_ignoreflag,1580305346,1580317717
603,d_prec_width_ff_zero_ljaszp_ignoreflag,1580305346,1580317717
604,d_prec_width_nf_pos_ljaszp_ignoreflag,1580305346,1580317717
605,d_prec_width_nf_neg_ljaszp_ignoreflag,1580305346,1580317717
606,d_prec_width_fn_pos_ljaszp_ignoreflag,1580317662,1580317717
607,d_prec_width_fn_neg_ljaszp_ignoreflag,1580317662,1580317717
608,d_prec_width_nn_pos_ljaszp_ignoreflag,1580317717,1580293302
609,d_prec_width_nn_neg_ljaszp_ignoreflag,1580317717,1580300635
610,d_size_hh_pos_casted,1580317717,1580289605
611,d_size_hh_neg_casted,1580317717,1580300635
612,d_size_h_pos_casted,1580317717,1580289605
613,d_size_h_neg_casted,1580317717,1580300635
614,d_size_l_pos_casted,1580317717,1580289605
615,d_size_l_neg_casted,1580317717,1580300635
616,d_size_ll_pos_casted,1580317717,1580289605
617,d_size_ll_neg_casted,1580317717,1580300635
618,d_size_hh_pos_ref,1580317717,1580289605
619,d_size_hh_neg_ref,1580317717,1580300635
620,d_size_h_pos_ref,1580317717,1580289605
621,d_size_h_neg_ref,1580317717,1580300635
622,d_size_l_pos_ref,0,1580317717
623,d_size_l_pos_ref_lmax,0,1580317717
624,d_size_ll_pos_ref_llmax,0,1580317717
625,d_size_l_neg_ref,0,1580317717
626,d_size_ll_pos_ref,0,1580317717
627,d_size_ll_neg_ref,0,1580317717
628,d_size_l_pos_big,0,1580317717
629,d_size_l_neg_big,0,1580317717
630,d_size_ll_pos_big,0,1580317717
631,d_size_ll_neg_big,0,1580317717
632,d_llmax,0,1580317717
633,d_llmin,0,1580317717
634,d_lmax,0,1580317717
635,d_lmin,0,1580317717
636,d_hmax,1580317717,1580289605
637,d_hmin,1580317717,1580300635
638,d_hhmax,1580317717,1580289605
639,d_hhmin,1580317717,1580300635
640,d_size_l_pos_big_zp,0,1580317717
641,d_size_l_neg_big_prec,0,1580317717
642,d_size_ll_pos_big_width,0,1580317717
643,d_size_ll_neg_big_lj,0,1580317717
644,d_size_l_pos_big_as,0,1580317717
645,d_size_follows_i_i,1580317717,1580289565
646,d_size_follows_i_l,0,1580317717
647,d_size_follows_i_ll,0,1580317717
648,d_size_follows_i_h,1580317717,1580289605
649,d_size_follows_i_hh,1580317717,1580289605
650,d_size_ll_hh_ll,0,1580317717
651,d_size_h_l_hh,0,1580317717
652,d_size_l_hh_h,0,1580317717
653,d_size_n_ll_hh,0,1580317717
654,d_size_ll_n_l,0,1580317717
655,d_basic_i_pos_sp,0,1580317717
656,d_basic_i_neg_sp,1580317717,1580300635
657,d_basic_i_zero_sp,0,1580317717
658,d_basic_i_onlypos_sp,0,1580317717
659,d_basic_i_onlyneg_sp,1580317717,1580300635
660,d_basic_i_onlyzero_sp,0,1580317717
661,d_basic_i_pos_d_sp,0,1580317717
662,d_basic_i_neg_d_sp,1580317717,1580300635
663,d_basic_i_zero_d_sp,0,1580317717
664,d_intmax_sp,0,1580317717
665,d_intmin_sp,0,1580317717
666,d_assp_pos_ignoreflag,1580317717,1580293302
667,d_assp_neg_ignoreflag,1580317717,1580300635
668,d_intmax_assp_ignoreflag,1580317717,1580293302
669,d_width_pos_fits_sp,1580317717,1580302212
670,d_width_neg_fits_sp,1580317717,1580316584
671,d_width_zero_fits_sp,1580317717,1580302212
672,d_width_pos_exactfit_sp,0,1580317717
673,d_width_neg_exactfit_sp,1580317717,1580316584
674,d_width_pos_nofit_sp,0,1580317717
675,d_width_neg_nofit_sp,1580317717,1580300635
676,d_width_pos_fits_lj_sp,0,1580317717
677,d_width_neg_fits_lj_sp,1580317717,1580300635
678,d_width_zero_fits_lj_sp,0,1580317717
679,d_width_pos_exactfit_lj_sp,0,1580317717
680,d_width_neg_exactfit_lj_sp,1580317717,1580300635
681,d_width_pos_nofit_lj_sp,0,1580317717
682,d_width_neg_nofit_lj_sp,1580317717,1580300635
683,d_width_assp_pos_ignoreflag,1580317717,1580316584
684,d_width_assp_zero_ignoreflag,1580317717,1580316584
685,d_width_intmax_assp_ignoreflag,1580317717,1580316584
686,d_prec_fits_pos_sp,0,1580317717
687,d_prec_fits_neg_sp,1580317717,1580317627
688,d_prec_fits_zero_sp,0,1580317717
689,d_prec_exactfit_pos_sp,0,1580317717
690,d_prec_exactfit_neg_sp,1580317717,1580317627
691,d_prec_nofit_pos_sp,0,1580317717
692,d_prec_nofit_neg_sp,1580317717,1580300635
693,d_prec_assp_pos_ignoreflag,1580317717,1580317627
694,d_prec_assp_neg_ignoreflag,1580317717,1580317627
695,d_prec_assp_pos_nofit_ignoreflag,1580317717,1580293302
696,d_zpsp_pos_fits,0,1580317717
697,d_zpsp_neg_fits,0,1580317717
698,d_zpsp_zero_fits,0,1580317717
699,d_zpsp_pos_exactfit,0,1580317717
700,d_zpsp_neg_exactfit,1580305438,1580317717
701,d_zpsp_neg_minus1fit,1580317717,1580300635
702,d_zpassp_as_fits_ignoreflag,0,1580317717
703,d_zpassp_zero_ignoreflag,0,1580317717
704,d_prec_width_fit_fit_pos_sp,0,1580317717
705,d_prec_width_fit_fit_neg_sp,0,1580317717
706,d_prec_width_fit_fit_zero_sp,0,1580317717
707,d_prec_width_nofit_fit_pos_sp,1580317717,1580302212
708,d_prec_width_nofit_fit_neg_sp,1580317717,1580316584
709,d_prec_width_fit_nofit_pos_sp,0,1580317717
710,d_prec_width_fit_nofit_neg_sp,1580317717,1580317627
711,d_prec_width_nofit_nofit_pos_sp,0,1580317717
712,d_prec_width_nofit_nofit_neg_sp,1580317717,1580300635
713,d_prec_width_fit_fit_pos_lj_sp,0,1580317717
714,d_prec_width_fit_fit_neg_lj_sp,1580317717,1580317627
715,d_prec_width_fit_fit_zero_lj_sp,0,1580317717
716,d_prec_width_nofit_fit_pos_lj_sp,0,1580317717
717,d_prec_width_nofit_fit_neg_lj_sp,1580317717,1580300635
718,d_prec_width_fit_nofit_pos_lj_sp,0,1580317717
719,d_prec_width_fit_nofit_neg_lj_sp,1580317717,1580317627
720,d_prec_width_nofit_nofit_pos_lj_sp,0,1580317717
721,d_prec_width_nofit_nofit_neg_lj_sp,1580317717,1580300635
722,d_prec_width_fit_fit_pos_assp_ignoreflag,0,1580317717
723,d_prec_width_fit_fit_neg_assp_ignoreflag,0,1580317717
724,d_prec_width_fit_fit_zero_assp_ignoreflag,0,1580317717
725,d_prec_width_nofit_fit_pos_assp_ignoreflag,1580317717,1580316584
726,d_prec_width_nofit_fit_neg_assp_ignoreflag,1580317717,1580316584
727,d_prec_width_fit_nofit_pos_assp_ignoreflag,1580317717,1580317627
728,d_prec_width_fit_nofit_neg_assp_ignoreflag,1580317717,1580317627
729,d_prec_width_nofit_nofit_pos_assp_ignoreflag,1580317717,1580293302
730,d_prec_width_nofit_nofit_neg_assp_ignoreflag,1580317717,1580300635
731,d_prec_width_fit_fit_pos_lj_assp_ignoreflag,1580317717,1580317627
732,d_prec_width_fit_fit_neg_lj_assp_ignoreflag,1580317717,1580317627
733,d_prec_width_fit_fit_zero_lj_assp_ignoreflag,1580317717,1580317627
734,d_prec_width_nofit_fit_pos_lj_assp_ignoreflag,1580317717,1580293302
735,d_prec_width_nofit_fit_neg_lj_assp_ignoreflag,1580317717,1580300635
736,d_prec_width_fit_nofit_pos_lj_assp_ignoreflag,1580317717,1580317627
737,d_prec_width_fit_nofit_neg_lj_assp_ignoreflag,1580317717,1580317627
738,d_prec_width_nofit_nofit_pos_lj_assp_ignoreflag,1580317717,1580293302
739,d_prec_width_nofit_nofit_neg_lj_assp_ignoreflag,1580317717,1580300635
740,d_prec_width_ff_pos_zp_sp,0,1580317717
741,d_prec_width_ff_neg_zp_sp,0,1580317717
742,d_prec_width_ff_zero_zp_sp,0,1580317717
743,d_prec_width_nf_pos_zp_sp,0,1580317717
744,d_prec_width_nf_neg_zp_sp,0,1580317717
745,d_prec_width_fn_pos_zp_sp,0,1580317717
746,d_prec_width_fn_neg_zp_sp,1580317662,1580317717
747,d_prec_width_nn_pos_zp_sp,0,1580317717
748,d_prec_width_nn_neg_zp_sp,1580317717,1580300635
749,d_prec_width_ff_pos_ljzpsp_ignoreflag,0,1580317717
750,d_prec_width_ff_neg_ljzpsp_ignoreflag,1580305346,1580317717
751,d_prec_width_ff_zero_ljzpsp_ignoreflag,0,1580317717
752,d_prec_width_nf_pos_ljzpsp_ignoreflag,0,1580317717
753,d_prec_width_nf_neg_ljzpsp_ignoreflag,1580305346,1580317717
754,d_prec_width_fn_pos_ljzpsp_ignoreflag,0,1580317717
755,d_prec_width_fn_neg_ljzpsp_ignoreflag,1580317662,1580317717
756,d_prec_width_nn_pos_ljzpsp_ignoreflag,0,1580317717
757,d_prec_width_nn_neg_ljzpsp_ignoreflag,1580317717,1580300635
758,d_prec_width_ff_pos_aszpsp_ignoreflag,0,1580317717
759,d_prec_width_ff_neg_aszpsp_ignoreflag,0,1580317717
760,d_prec_width_ff_zero_aszpsp_ignoreflag,0,1580317717
761,d_prec_width_nf_pos_aszpsp_ignoreflag,0,1580317717
762,d_prec_width_nf_neg_aszpsp_ignoreflag,0,1580317717
763,d_prec_width_fn_pos_aszpsp_ignoreflag,1580317662,1580317717
764,d_prec_width_fn_neg_aszpsp_ignoreflag,1580317662,1580317717
765,d_prec_width_nn_pos_aszpsp_ignoreflag,1580317717,1580293302
766,d_prec_width_nn_neg_aszpsp_ignoreflag,1580317717,1580300635
767,d_prec_width_ff_pos_ljaszpsp_ignoreflag,1580305346,1580317717
768,d_prec_width_ff_neg_ljaszpsp_ignoreflag,1580305346,1580317717
769,d_prec_width_ff_zero_ljaszpsp_ignoreflag,1580305346,1580317717
770,d_prec_width_nf_pos_ljaszpsp_ignoreflag,1580305346,1580317717
771,d_prec_width_nf_neg_ljaszpsp_ignoreflag,1580305346,1580317717
772,d_prec_width_fn_pos_ljaszpsp_ignoreflag,1580317662,1580317717
773,d_prec_width_fn_neg_ljaszpsp_ignoreflag,1580317662,1580317717
774,d_prec_width_nn_pos_ljaszpsp_ignoreflag,1580317717,1580293302
775,d_prec_width_nn_neg_ljaszpsp_ignoreflag,1580317717,1580300635
776,d_size_hh_pos_casted_sp,0,1580317717
777,d_size_hh_neg_casted_sp,1580317717,1580300635
778,d_size_h_pos_casted_sp,0,1580317717
779,d_size_h_neg_casted_sp,1580317717,1580300635
780,d_size_l_pos_casted_sp,0,1580317717
781,d_size_l_neg_casted_sp,1580317717,1580300635
782,d_size_ll_pos_casted_sp,0,1580317717
783,d_size_ll_neg_casted_sp,1580317717,1580300635
784,d_size_hh_pos_ref_sp,0,1580317717
785,d_size_hh_neg_ref_sp,1580317717,1580300635
786,d_size_h_pos_ref_sp,0,1580317717
787,d_size_h_neg_ref_sp,1580317717,1580300635
788,d_size_l_pos_ref_sp,0,1580317717
789,d_size_l_neg_ref_sp,0,1580317717
790,d_size_ll_pos_ref_sp,0,1580317717
791,d_size_ll_neg_ref_sp,0,1580317717
792,d_size_l_pos_big_sp,0,1580317717
793,d_size_l_neg_big_sp,0,1580317717
794,d_size_ll_pos_big_sp,0,1580317717
795,d_size_ll_neg_big_sp,0,1580317717
796,d_llmax_sp,0,1580317717
797,d_llmin_sp,0,1580317717
798,d_lmax_sp,0,1580317717
799,d_lmin_sp,0,1580317717
800,d_hmax_sp,0,1580317717
801,d_hmin_sp,1580317717,1580300635
802,d_hhmax_sp,0,1580317717
803,d_hhmin_sp,1580317717,1580300635
804,d_prec0val0_basic,0,1580317717
805,d_prec0val0_implicit,0,1580317717
806,d_prec0val0_w,0,1580317717
807,d_prec0val0_w_impl,0,1580317717
808,d_prec0val0_wlj,0,1580317717
809,d_prec0val0_wlj_impl,0,1580317717
810,d_prec0val0_as,0,1580317717
811,d_prec0val0_as_impl,0,1580317717
812,d_prec0val0_was,0,1580317717
813,d_prec0val0_was_impl,0,1580317717
814,d_prec0val0_waslj,0,1580317717
815,d_prec0val0_waslj_impl,0,1580317717
1284,p_null,1580222158,0
1289,p_ftfc_5w_throwswarning,1580222158,1580218574
1290,p_basic,1580222158,0
1291,p_width_fit,0,1580222158
1292,p_width_nofit,1580222158,0
1293,p_width_16,0,1580222158
1294,p_width_8,1580222158,0
1295,p_width_32,0,1580222158
1296,p_width_fit_lj,0,1580222158
1297,p_width_nofit_lj,1580222158,0
1298,p_width_16_lj,0,1580222158
1299,p_width_8_lj,1580222158,0
1300,p_width_32_lj,0,1580222158
1301,c_allprintable_combined,1580209428,1580130413
1302,c_1_31_combined,1580209428,1580130413
1303,c_128_255_combined,1580209428,1580130413
1304,c_allprintable_width,1580209428,1580143767
1305,c_1_31_width,1580209428,1580143767
1306,c_128_255_width,1580209428,1580143767
1307,c_allprintable_width_lj,1580209428,1580143892
1308,c_1_31_width_lj,1580209428,1580143892
1309,c_128_255_width_lj,1580209428,1580143892
1310,c_nullterm_basic,1580209428,1580130413
1311,c_nullterm_5w,1580209428,1580143767
1312,c_nullterm_5wlj,1579777307,1580209428
